TỶ LỆ ĐÚNG,70.00%
CHI PHÍ TRUNG BÌNH MỖI LƯỢT,16.62 VND (997.00/60 lượt)
CHI PHÍ TRUNG BÌNH LƯỢT GỌI MODEL,21.67 VND (46 lượt gọi model; 14 lượt 0 VND)
ĐỘ TRỄ TRUNG BÌNH MỖI LƯỢT,1490.87 ms

CÂU HỎI SAI,REPLY SAI
MIMA có văn phòng ở Singapore không?,"Dạ, hiện tại trong hệ thống thông tin của MIMA chưa có dữ liệu về văn phòng tại Singapore ạ. Công ty TNHH Thương Mại Dịch Vụ MIMA có trụ sở chính tại 31/3B Ấp Thới Tứ 1, Xã Đông Thạnh, TP. Hồ Chí Minh và cung cấp dịch vụ thiết kế website cho khách hàng tại các tỉnh thành Việt Nam cũng như nhiều châu lục trên thế giới. 

Nếu anh/chị cần trao đổi chi tiết hơn về các dịch vụ, anh/chị có thể liên hệ qua hotline 0909 035 333 hoặc Zalo 0902875586 nhé ạ."
MIMA co lam dich vu backlink khong?,Phần này em xin phép kết nối anh/chị với chuyên viên tư vấn ạ.
web 6 triệu có hỗ trợ seo luôn không bên mình,Phần này em xin phép kết nối anh/chị với chuyên viên tư vấn ạ.
goi 9tr xem tren dien thoai co bi vo giao dien k,"Số điện thoại anh/chị vừa nhập chưa hợp lệ. Vui lòng gửi SĐT Việt Nam gồm 10 số và bắt đầu bằng 03, 05, 07, 08 hoặc 09 ạ."
gói chuyên nghiệp 12tr là có ssl rồi đúng ko em,Phần này em xin phép kết nối anh/chị với chuyên viên tư vấn ạ.
muốn bàn giao code web luôn thì từ gói bao nhiêu vậy ạ,"Dạ, với yêu cầu được bàn giao source code thì anh/chị có thể tham khảo từ gói Website phổ thông giá 6.000.000đ, gói khởi nghiệp 9.000.000đ, gói chuyên nghiệp 12.000.000đ hoặc các gói cao cấp hơn ạ. Riêng gói Basic giá 2.000.000đ thì chưa hỗ trợ bàn giao source code. Anh/chị đang quan tâm đến tính năng nào khác cho trang web của mình không ạ?"
"web bên mình code bằng công nghệ gì vậy, html hay sao",Phần này em xin phép kết nối anh/chị với chuyên viên tư vấn ạ.
web chuẩn google là chuẩn những cái gì v em,"Dạ, website chuẩn Google (hay chuẩn SEO) là website được xây dựng theo các tiêu chí và thuật toán của Google để dễ dàng được lập chỉ mục, giúp cấu trúc, từ khóa và nội dung trở nên rõ ràng hơn. Ngoài ra, loại website này còn đảm bảo tốc độ tải trang nhanh, tương thích tốt với thiết bị di động và hỗ trợ tốt cho việc lên top từ khóa tìm kiếm. 

Anh/chị có đang quan tâm đến việc xây dựng một trang web mới cho dự án sắp tới của mình không ạ?"
mình có làm web riêng cho phòng khám nha khoa không ạ,Phần này em xin phép kết nối anh/chị với chuyên viên tư vấn ạ.
"seo tính phí sao, có bảng giá sẵn gửi anh xem ko",Phần này em xin phép kết nối anh/chị với chuyên viên tư vấn ạ. Anh/chị có thể liên hệ trực tiếp qua hotline 0909 035 333 hoặc Zalo 0902875586 để được hỗ trợ chi tiết về bảng giá SEO nhé. Em có thể hỗ trợ thêm thông tin gì về dịch vụ thiết kế website cho anh/chị không ạ?
traffic user thật là người vô web thật hay vẫn chạy bot vậy,Phần này em xin phép kết nối anh/chị với chuyên viên tư vấn ạ.
"hosting bên mình uptime bao nhiêu vậy, web hay bị sập ko",Phần này em xin phép kết nối anh/chị với chuyên viên tư vấn ạ.
"cty mình cần mail theo tên miền, mima có làm email doanh nghiệp k",Phần này em xin phép kết nối anh/chị với chuyên viên tư vấn ạ.
làm web trọn gói có hỗ trợ đăng ký tên miền với hosting luôn chưa,Phần này em xin phép kết nối anh/chị với chuyên viên tư vấn ạ.
"gói web nào có ssl sẵn vậy, mình sợ web báo không bảo mật",Phần này em xin phép kết nối anh/chị với chuyên viên tư vấn ạ.
chạy ads bao lâu mới bắt đầu thấy hiệu quả vậy em,Phần này em xin phép kết nối anh/chị với chuyên viên tư vấn ạ.
bên mình có đảm bảo chạy quảng cáo là ra đơn 100% ko,"Dạ, MIMA không thể cam kết chắc chắn website đạt thứ hạng, ra đơn hoặc tăng doanh thu trong một thời hạn cố định. Kết quả thực tế còn phụ thuộc dữ liệu, mức độ cạnh tranh và thuật toán Google; bên em chỉ cam kết nỗ lực triển khai minh bạch theo kế hoạch. Em xin phép chuyển anh/chị đến chuyên viên tư vấn để trao đổi lộ trình phù hợp ạ."
"trước có để lại sđt, giờ mình muốn xoá thông tin thì liên hệ ai","Dạ, anh/chị có thể liên hệ qua hotline 0909 035 333, Zalo 0902875586 ạ. Anh/chị cần em hỗ trợ thêm nội dung gì không ạ?"
