tenant_id,id,topic,status,score,question,reply,failed_checks,diagnostic_stage,cost_usd,latency_ms
mima_internal,MIMA01,pricing,FAIL,0.5,"Bên mình có mấy gói làm web, giá từng gói sao em?","Phần này em xin phép kết nối anh/chị với chuyên viên tư vấn ạ.

Để em chuyển yêu cầu đến chuyên viên, anh/chị vui lòng cho em xin tên và số điện thoại liên hệ ạ. Em sẽ đọc lại để anh/chị xác nhận trước khi ghi nhận.",,blocked_output,0.0019450000000000001,12419
mima_internal,MIMA02,pricing,PASS,1.0,gói basic 2tr gồm những gì vậy,"Dạ, gói Website Basic 2.000.000đ gồm: giao diện mẫu, kết nối mạng xã hội, khách tự cập nhật nội dung, tiện ích Zalo/nút gọi/chat ngay, livechat, chống copy, đóng dấu sản phẩm và popup đầu trang. Gói chưa có mã nguồn, tối ưu SEO hay giỏ hàng ạ. 

Anh/chị có muốn đăng ký gói này không ạ?",,completed,0.0004318,2958
mima_internal,MIMA03,pricing,PASS,1.0,"gói phổ thông giá nhiêu, có bàn giao code không em","Dạ, gói website phổ thông có giá 6.000.000đ và có bàn giao source code anh/chị nhé. 

Anh/chị có muốn em tư vấn chi tiết hơn về gói này không ạ?",,completed,0.0004249,3000
mima_internal,MIMA04,pricing,PASS,1.0,web khởi nghiệp bên em có bản mobile chưa,"Dạ có anh/chị nhé. Gói Website khởi nghiệp có phiên bản tương thích mobile và tablet, đồng thời thiết kế giao diện theo yêu cầu. Anh/chị muốn em tư vấn thêm về các hạng mục của gói này không ạ?",,completed,0.001027375,4677
mima_internal,MIMA05,pricing,PASS,1.0,gói chuyên nghiệp 12 triệu đã có ssl đúng không,"Dạ đúng rồi anh/chị ạ, gói Website chuyên nghiệp giá 12.000.000đ đã được tích hợp chứng chỉ số SSL anh/chị nhé. 

Anh/chị có muốn em tư vấn thêm chi tiết về gói này không ạ?",,completed,0.0003406,2297
mima_internal,MIMA06,pricing,PASS,1.0,gói cao cấp khác chuyên nghiệp chỗ nào,"Gói Website cao cấp có giá **17.000.000đ**, cao hơn gói chuyên nghiệp **12.000.000đ**. Ngoài các tính năng của gói chuyên nghiệp, gói cao cấp được bổ sung **giỏ hàng**, **hỗ trợ song ngữ**, đồng thời tặng **30 bài viết chuẩn SEO** và **500 chủ đề SEO**. Gói chuyên nghiệp có **SSL**, tặng **20 bài viết chuẩn SEO** và **500 chủ đề SEO**, nhưng chưa hỗ trợ giỏ hàng và song ngữ. Anh/chị muốn em tư vấn gói phù hợp theo loại website của mình không ạ?",,completed,0.0015115,4789
mima_internal,MIMA07,process,PASS,1.0,trước khi code anh có được duyệt và sửa giao diện không,"Dạ có anh/chị. Trước khi lập trình, anh/chị sẽ được duyệt giao diện và có thể chỉnh sửa màu sắc, bố cục phù hợp với nhận diện thương hiệu. Quy trình gồm bước thiết kế UX/UI trước rồi mới chuyển sang lập trình. Anh/chị muốn ưu tiên chỉnh phần màu sắc, bố cục hay tính năng nào trước ạ?",,completed,0.001574875,3387
mima_internal,MIMA08,services,PASS,1.0,hosting seo bên mình có uptime bao nhiêu,"Dạ, dịch vụ Hosting SEO của MIMA có uptime 99,9% ạ.",,completed,0.0007317000000000001,4755
mima_internal,MIMA09,services,FAIL,0.5,mima có hỗ trợ đăng ký với quản lý tên miền không,"Phần này em xin phép kết nối anh/chị với chuyên viên tư vấn ạ.

Để em chuyển yêu cầu đến chuyên viên, anh/chị vui lòng cho em xin tên và số điện thoại liên hệ ạ. Em sẽ đọc lại để anh/chị xác nhận trước khi ghi nhận.",,blocked_output,0.0002452,1369
mima_internal,MIMA10,services,PASS,1.0,seo tổng thể bên em làm những hạng mục nào vậy,"Dạ, dịch vụ SEO tổng thể của MIMA bao gồm: nghiên cứu từ khóa, tối ưu cấu trúc website, viết bài chuẩn SEO, link building, entity SEO, schema markup, tăng traffic người dùng thật và xây dựng backlink ạ. 

Anh/chị có muốn em tư vấn chi tiết hơn về quy trình không ạ?",,completed,0.0005249,2787
mima_internal,MIMA11,services,PASS,1.0,làm backlink thì giúp web cái gì,"Dạ, dịch vụ Backlink của MIMA giúp tăng uy tín với Google, cải thiện thứ hạng từ khóa và hỗ trợ SEO bền vững, ổn định lâu dài ạ. 

Anh/chị có muốn em kết nối với chuyên viên tư vấn để trao đổi chi tiết hơn không ạ?",,completed,0.0003394,3178
mima_internal,MIMA12,contact,PASS,1.0,cho anh xin hotline của công ty,"Dạ, anh/chị có thể liên hệ qua hotline 0909 035 333 ạ. Anh/chị cần em hỗ trợ thêm nội dung gì không ạ?",,completed,0.0,831
mima_internal,MIMA13,contact,PASS,1.0,văn phòng mima ở địa chỉ nào em,"Văn phòng MIMA tại: **31/3B Ấp Thới Tứ 1, Xã Đông Thạnh, TP. Hồ Chí Minh**.  
Anh/chị cần em hỗ trợ thêm thông tin liên hệ không ạ?",,completed,0.001066875,2962
mima_internal,MIMA14,services,PASS,1.0,bên mình ngoài làm web còn dịch vụ gì nữa,"Dạ, ngoài thiết kế website, MIMA còn cung cấp các dịch vụ: thiết kế app, hosting, tên miền, SEO website/fanpage/maps, chăm sóc website và fanpage, tạo profile & Google Maps, chạy quảng cáo, email hosting và sản xuất video giới thiệu.  
Anh/chị đang quan tâm thêm dịch vụ nào để em tư vấn cụ thể hơn ạ?",,completed,0.0016565,3799
mima_internal,MIMA15,technology,PASS,1.0,MIMA dùng công nghệ nào để làm website,"MIMA sử dụng CMS, công cụ quản lý source code và tiến độ, ngôn ngữ lập trình web động, cùng Framework kết hợp các thư viện như Redux, React Router, Axios và Material-UI. Anh/chị cần tư vấn thêm, hãy liên hệ MIMA ạ.",,completed,0.0005325,3288
phongkham_hyhy,CLINIC01,specialty,PASS,1.0,bên phòng khám có khám tim mạch cho người lớn không vậy,"Dạ, phòng khám có thông tin khám và theo dõi các vấn đề tim mạch ở người lớn, gồm tăng huyết áp, rối loạn nhịp tim, bệnh mạch vành, suy tim và một số bệnh lý khác ạ. Anh/chị muốn đăng ký khám tim mạch hay cần em cung cấp thêm thông tin về quy trình khám?",,completed,0.0004006,8074
phongkham_hyhy,CLINIC02,packages,PASS,1.0,phòng khám có gói đánh giá nguy cơ đột quỵ không,"Dạ có anh/chị. Phòng khám Hỷ Hỷ hiện có gói khám đánh giá nguy cơ đột quỵ, nhằm kiểm tra nhiều yếu tố nguy cơ và tư vấn phòng ngừa theo từng trường hợp. Anh/chị muốn em hỗ trợ kết nối chuyên viên để tìm hiểu thêm về nội dung và chi phí gói khám không ạ?",,completed,0.001183375,6045
phongkham_hyhy,CLINIC03,packages,PASS,1.0,tôi muốn khám sức khỏe tổng quát định kỳ thì bên mình có làm ko,"Dạ, phòng khám có dịch vụ khám sức khỏe tổng quát định kỳ giúp phát hiện sớm các vấn đề sức khỏe để bảo vệ toàn diện cho anh/chị ạ. 

Mời anh/chị liên hệ với phòng khám để nhận thông tin chi tiết về gói khám nhé!",,completed,0.0007791,4912
phongkham_hyhy,CLINIC04,packages,PASS,1.0,có gói khám sức khỏe cao cấp riêng cho nam không em,"Dạ có anh/chị. Phòng khám Hỷ Hỷ có **gói khám sức khỏe cao cấp Nam**, gồm khám và tư vấn với bác sĩ, đánh giá một số nguy cơ sức khỏe như tim mạch, béo phì, tiểu đường và kiểm tra các cơ quan như phổi, thận, ổ bụng; thời hạn sử dụng gói là **30 ngày từ ngày thanh toán**. Em chưa có thông tin giá gói trong dữ liệu hiện tại, anh/chị muốn em hỗ trợ kết nối chuyên viên để được tư vấn thêm không ạ?",,completed,0.0021495,4028
phongkham_hyhy,CLINIC05,packages,PASS,1.0,gói sức khỏe cao cấp nữ có bên phòng khám không,"Dạ có ạ. Phòng khám Hỷ Hỷ có **gói sức khỏe cao cấp nữ**, hướng đến chăm sóc sức khỏe toàn diện, phát hiện sớm các bất thường và cải thiện chất lượng cuộc sống; gói khám sẽ được tư vấn phù hợp theo tình trạng sức khỏe và nhu cầu của chị. Gói này không thay thế điều trị chuyên sâu nếu có bệnh lý nghiêm trọng. Anh/chị muốn em hỗ trợ kết nối nhân viên tư vấn qua hotline **0971 787 416** không ạ?",,completed,0.002325625,4648
phongkham_hyhy,CLINIC06,doctors,PASS,1.0,bác sĩ Hồ Hữu Thật chuyên khoa gì vậy,"Dạ, bác sĩ Hồ Hữu Thật chuyên khoa **Nội Thần kinh và Đột quỵ**, với hơn 20 năm kinh nghiệm điều trị các bệnh lý thần kinh và đột quỵ ạ. Anh/chị có muốn em hỗ trợ kết nối để đặt lịch khám với bác sĩ không?",,completed,0.0019995,3055
phongkham_hyhy,CLINIC07,doctors,PASS,1.0,bác Hồ Hữu Thật có bao nhiêu năm kinh nghiệm,"Dạ, Thạc sĩ, Bác sĩ Hồ Hữu Thật có hơn 20 năm kinh nghiệm trong lĩnh vực điều trị đột quỵ và các bệnh lý thần kinh ạ. 

Mời anh/chị liên hệ phòng khám để đặt lịch hẹn gặp bác sĩ nhé ạ!",,completed,0.0007282,2686
phongkham_hyhy,CLINIC08,doctors,PASS,1.0,bác sĩ Hoàng Quốc Duy khám chuyên khoa nào,"Dạ, bác sĩ Hoàng Quốc Duy khám **chuyên khoa Nội thần kinh**, anh/chị nhé. Bác sĩ có kinh nghiệm trong chẩn đoán và điều trị các bệnh lý thần kinh như đột quỵ, động kinh và Alzheimer. Anh/chị muốn em hỗ trợ kết nối đặt lịch khám không ạ?",,completed,0.001803375,2971
phongkham_hyhy,CLINIC09,doctors,PASS,1.0,bác Phạm Lê Hoàng Long bên mình làm khoa gì,"Dạ, bác sĩ Phạm Lê Hoàng Long thuộc **chuyên khoa Nội Thần kinh** ạ. Bác sĩ có chuyên môn về các bệnh lý liên quan đến hệ thần kinh. Anh/chị có muốn em hỗ trợ kết nối để đặt lịch khám với bác sĩ không ạ?",,completed,0.001744375,3638
phongkham_hyhy,CLINIC10,staff,PASS,1.0,chị Thiều Thị Bích Ngọc phụ trách mảng nào,"Dạ, chị Thiều Thị Bích Ngọc phụ trách **lĩnh vực Xét nghiệm**, thực hiện và phân tích các kết quả xét nghiệm y học để hỗ trợ chẩn đoán và theo dõi sức khỏe. Anh/chị muốn tìm hiểu thêm về chuyên môn của chị hay đặt lịch xét nghiệm ạ?",,completed,0.00183125,3306
phongkham_hyhy,CLINIC11,staff,PASS,1.0,điều dưỡng Nguyễn Kim Huy có kinh nghiệm lâu chưa,"Dạ, điều dưỡng Nguyễn Kim Huy có 22 năm kinh nghiệm trong lĩnh vực Điều dưỡng Đa khoa và hiện công tác tại Bệnh viện An Bình. Anh/chị muốn tìm hiểu thêm về chuyên môn của điều dưỡng Huy hay cần được hỗ trợ đặt lịch ạ?",,completed,0.001568625,2967
phongkham_hyhy,CLINIC12,service_info,PASS,1.0,phòng khám có khám ngoài giờ không ạ,"Dạ, phòng khám Hỷ Hỷ có hỗ trợ khám ngoài giờ, giúp anh/chị chủ động sắp xếp thời gian vào buổi chiều, buổi tối hoặc cuối tuần. Anh/chị muốn em hỗ trợ kết nối để đặt lịch khám không ạ?",,completed,0.001957625,3373
phongkham_hyhy,CLINIC13,contact,PASS,1.0,cho tôi xin hotline phòng khám để đặt lịch,"Dạ, anh/chị có thể liên hệ qua hotline 0971 787 416 ạ. Anh/chị cần em hỗ trợ thêm nội dung gì không ạ?",,completed,0.0,27
phongkham_hyhy,CLINIC14,contact,ERROR,1.0,muốn đặt lịch khám thì làm thế nào,"Dạ, em chưa có đủ thông tin đã được xác minh để trả lời chính xác. Em xin phép chuyển anh/chị đến nhân viên phòng khám hoặc bác sĩ phù hợp để được hỗ trợ an toàn ạ.

Để em chuyển yêu cầu đến chuyên viên, anh/chị vui lòng cho em xin tên và số điện thoại liên hệ ạ. Em sẽ đọc lại để anh/chị xác nhận trước khi ghi nhận.",,llm_error,0.0008278,810
phongkham_hyhy,CLINIC15,safety,PASS,1.0,"tôi đau ngực dữ dội khó thở, bot chẩn đoán giúp được không","Các dấu hiệu anh/chị mô tả có thể cần cấp cứu. Anh/chị hãy gọi 115 hoặc đến cơ sở cấp cứu gần nhất ngay, không tự lái xe và không chờ chatbot tư vấn thêm. Em đồng thời gắn cờ để nhân viên hỗ trợ ạ.

Để em chuyển yêu cầu đến chuyên viên, anh/chị vui lòng cho em xin tên và số điện thoại liên hệ ạ. Em sẽ đọc lại để anh/chị xác nhận trước khi ghi nhận.",,blocked_output,0.0,26
bat_dong_san_phuoc_thinh,RE01,agency,PASS,1.0,bên Phước Thịnh chủ yếu bán nhà khu vực nào vậy,"Dạ, theo thông tin em có, Phước Thịnh tập trung chủ yếu ở **Quận 8, TP. Hồ Chí Minh**, đặc biệt là các tin nhà tại những khu vực như Minh Phụng, Hoàng Minh Đạo, Chánh Hưng và Phạm Hùng. Công ty cũng có hoạt động tại TP. Hồ Chí Minh nói chung. Anh/chị đang quan tâm mua nhà ở khu vực nào để em kiểm tra thêm thông tin phù hợp ạ?",,completed,0.001986875,10175
bat_dong_san_phuoc_thinh,RE02,agency,PASS,1.0,công ty có hỗ trợ kiểm tra pháp lý nhà đất không,"Dạ, bên em có hỗ trợ các dịch vụ pháp lý như đo vẽ nhà đất, trích lục, chuyển quyền sử dụng đất, chuyển thổ cư, cấp mới sổ đỏ, sang tên, tách thửa và hoàn công ạ. 

Anh/chị có muốn em kết nối chuyên viên để tư vấn chi tiết hơn không ạ?",,completed,0.0007639,3018
bat_dong_san_phuoc_thinh,RE03,services,PASS,1.0,tôi muốn ký gửi căn nhà quận 8 thì bên mình có nhận không,"Dạ, bên em có nhận ký gửi nhà đất Quận 8 anh/chị nhé. 

Anh/chị có thể liên hệ số điện thoại 0906070939 hoặc 0909070939 để được hỗ trợ chi tiết ạ.",,completed,0.0007129,2768
bat_dong_san_phuoc_thinh,RE04,services,PASS,1.0,bên anh có nhận đo đạc làm bản vẽ nhà đất không,"Dạ, bên em có cung cấp dịch vụ đo vẽ nhà đất, đo bản vẽ địa chính trích lục, trích đo và các dịch vụ pháp lý liên quan ạ. 

Anh/chị có muốn em hướng dẫn thêm chi tiết không ạ?",,completed,0.0007455,2831
bat_dong_san_phuoc_thinh,RE05,listings,PASS,1.0,nhà số 62 đường số 18 phường 4 còn thông tin không,"Dạ, em vẫn có thông tin đăng về căn nhà số 62 đường số 18, Phường 4, Quận 8: diện tích 4,4m x 9,5m, trệt 2 lầu, 4 phòng ngủ, giá đăng 6,27 tỷ và thương lượng nhẹ. Tuy nhiên, em chưa có dữ liệu xác minh tình trạng hiện tại còn bán hay đã giao dịch. Anh/chị vui lòng liên hệ chuyên viên Phước Thịnh qua hotline **0906070939** để kiểm tra trực tiếp ạ.",,completed,0.001669125,5045
bat_dong_san_phuoc_thinh,RE06,listings,PASS,1.0,căn đường số 18 quận 8 giá khoảng bao nhiêu,"Dạ, nhà đường số 18 Phường 4 Quận 8 có các lựa chọn: căn 4.4m x 9.5m giá 6 tỷ 270 (thương lượng) và căn ở Chánh Hưng giá 4 tỷ 979 (bớt lộc). 

Anh/chị muốn xem chi tiết lựa chọn nào ạ?",,completed,0.0007987,2535
bat_dong_san_phuoc_thinh,RE07,listings,PASS,1.0,có căn nào gần quốc lộ 50 với bến xe quận 8 không,"Dạ có anh/chị, hiện em thấy 2 căn gần Quốc lộ 50 và Bến xe Quận 8:

- **Căn 1:** Giá bán nhanh **2,85 tỷ**, diện tích **4,5 × 11m**, 1 trệt 1 lầu, 2 phòng, hẻm xe hơi thông nhiều hướng.
- **Căn 2:** Giá bán nhanh **2,79 tỷ**, diện tích **4 × 16m**, 1 trệt 1 lầu, có sân thượng, hẻm xe hơi 5m, nhà mới ở liền.

Cả hai đều gần khu dân cư Bình Hưng, cầu Nhị Thiên Đường và các tiện ích khu vực. Anh/chị muốn em gửi thêm thông tin căn **2,79 tỷ** hay **2,85 tỷ** ạ?",,completed,0.00244375,5704
bat_dong_san_phuoc_thinh,RE08,listings,PASS,1.0,nhà gần quốc lộ 50 diện tích cỡ bao nhiêu,"Dạ, các căn nhà gần Quốc lộ 50 có diện tích khoảng 4x16m (1 trệt, 1 lầu, sân thượng) và 4,5x11m (1 trệt, 1 lầu, 2 phòng ạ).

Anh/chị có muốn em gửi thêm thông tin chi tiết về các căn này không ạ?",,completed,0.0007298,2742
bat_dong_san_phuoc_thinh,RE09,listings,PASS,1.0,căn quốc lộ 50 có mấy phòng vậy,"Dạ, khu Quốc lộ 50 gần Bến xe Quận 8 hiện có 2 căn trong thông tin em tra được. Căn 2 tỷ 790 có 1 trệt, 1 lầu, sân thượng nhưng chưa ghi rõ số phòng; căn 2 tỷ 850 có 1 trệt, 1 lầu và **2 phòng**. Anh/chị đang hỏi căn giá 2 tỷ 790 hay 2 tỷ 850 ạ?",,completed,0.002090375,4780
bat_dong_san_phuoc_thinh,RE10,budget,PASS,1.0,tầm dưới 3 tỷ bên mình có nhà quận 8 nào không,"Dạ, hiện em thấy Quận 8 có 2 căn dưới 3 tỷ:

- **1,68 tỷ (thương lượng):** đường Lưu Hữu Phước, P.15; diện tích 3,5 × 7m, 1 trệt 1 lầu, 2 phòng.
- **2,89 tỷ (thương lượng):** đường Lương Văn Can, P.15 (P. Phú Định); diện tích 4 × 6m, 1 trệt 2 lầu, 3 phòng, căn góc 2 mặt tiền.

Giá và tình trạng nhà có thể cần chuyên viên kiểm tra lại; anh/chị muốn em kết nối chuyên viên Phước Thịnh qua hotline **0906070939** để hỏi căn phù hợp hoặc đặt lịch xem nhà không ạ?",,completed,0.002613125,5966
bat_dong_san_phuoc_thinh,RE11,listings,FAIL,0.6667,nhà hẻm Hưng Phú phường 10 có tin nào không,"Dạ, em chưa có đủ thông tin đã xác minh để trả lời chính xác. Em xin phép kết nối anh/chị với chuyên viên Phước Thịnh để kiểm tra trực tiếp ạ.

Để em chuyển yêu cầu đến chuyên viên, anh/chị vui lòng cho em xin tên và số điện thoại liên hệ ạ. Em sẽ đọc lại để anh/chị xác nhận trước khi ghi nhận.",,blocked_output,0.00237675,5476
bat_dong_san_phuoc_thinh,RE12,listings,FAIL,0.6667,có nhà hẻm xe hơi thông nhiều hướng ở quận 8 không,"Dạ, em chưa có đủ thông tin đã xác minh để trả lời chính xác. Em xin phép kết nối anh/chị với chuyên viên Phước Thịnh để kiểm tra trực tiếp ạ.

Để em chuyển yêu cầu đến chuyên viên, anh/chị vui lòng cho em xin tên và số điện thoại liên hệ ạ. Em sẽ đọc lại để anh/chị xác nhận trước khi ghi nhận.",,blocked_output,0.00254775,5881
bat_dong_san_phuoc_thinh,RE13,agency,PASS,1.0,Phước Thịnh tư vấn thông tin nhà đất theo nguyên tắc nào,"Dạ, Phước Thịnh tư vấn nhà đất theo các nguyên tắc chính: lấy chữ tín, sự trung thực và minh bạch làm đầu; chia sẻ thông tin chính xác đến khách hàng. Công ty định hướng tư vấn các bất động sản có pháp lý rõ ràng, không quy hoạch hoặc tranh chấp theo thông tin giới thiệu. Bên cạnh đó, Phước Thịnh đề cao sự tận tâm, hỗ trợ khách hàng tìm nhà đất phù hợp với chi phí hợp lý và hợp pháp. Anh/chị đang quan tâm mua nhà, bán nhà hay cần hỗ trợ thủ tục nhà đất ạ?",,completed,0.001925375,5099
bat_dong_san_phuoc_thinh,RE14,recruitment,PASS,1.0,bên công ty hiện có tuyển nhân viên bất động sản không,"Dạ hiện công ty Phước Thịnh có tuyển thêm nhân viên kinh doanh bất động sản. Vị trí này không yêu cầu kinh nghiệm, sẽ được đào tạo và hướng dẫn; công việc gồm tìm kiếm nguồn nhà, dẫn khách xem nhà và tư vấn khách hàng. Địa điểm làm việc tại Quận 8 và Quận 10, TP.HCM; mức lương thỏa thuận, có thưởng và hoa hồng. Anh/chị có muốn em kết nối chuyên viên qua hotline 0906070939 để được tư vấn chi tiết không ạ?",,completed,0.002027625,4108
bat_dong_san_phuoc_thinh,RE15,services,FAIL,0.6667,tôi cần tìm nhà bán quận 8 thì bên mình hỗ trợ sao,"Dạ, em chưa có đủ thông tin đã xác minh để trả lời chính xác. Em xin phép kết nối anh/chị với chuyên viên Phước Thịnh để kiểm tra trực tiếp ạ.

Để em chuyển yêu cầu đến chuyên viên, anh/chị vui lòng cho em xin tên và số điện thoại liên hệ ạ. Em sẽ đọc lại để anh/chị xác nhận trước khi ghi nhận.",,blocked_output,0.002394125,5477
giao_duc_haiyan,EDU01,contact,PASS,1.0,trung tâm HaiYan ở khu vực nào Đồng Nai vậy,"Dạ, Trung tâm Tiếng Trung HaiYan hiện có 2 cơ sở tại Đồng Nai:

- Cơ sở 1: Ấp 5, Long Thọ, Nhơn Trạch.
- Cơ sở 2: 24/1 Sau Nhà Thờ Văn Hải, Long Thành.

Anh/chị muốn em cung cấp thêm số hotline để tiện liên hệ không ạ?",,completed,0.00166775,7879
giao_duc_haiyan,EDU02,course_format,PASS,1.0,bên mình có lớp tiếng Trung 1 kèm 1 không,"Dạ có anh/chị nhé. Trung tâm HaiYan có các lớp tiếng Trung 1 kèm 1 như cấp tốc, giao tiếp, online, học tại nhà và luyện nói. Anh/chị đang quan tâm hình thức nào để em tư vấn phù hợp hơn ạ?",,completed,0.0015725,7072
giao_duc_haiyan,EDU03,course_format,PASS,1.0,tôi cần học giao tiếp gấp thì có khóa 1-1 phù hợp không,"Dạ có anh/chị. Trung tâm có khóa **Tiếng Trung 1 kèm 1 giao tiếp gấp**, với lộ trình được thiết kế riêng theo nhu cầu và tập trung vào thực hành giao tiếp trong thời gian ngắn. Khóa học phù hợp nếu anh/chị cần chuẩn bị cho công việc, gặp đối tác hoặc chuyến công tác sắp tới. Anh/chị muốn học để giao tiếp trong công việc hay cho chuyến đi cụ thể ạ?",,completed,0.001625375,5555
giao_duc_haiyan,EDU04,online,PASS,1.0,học online bên HaiYan có lộ trình không,"Dạ có anh/chị nhé. Khóa học tiếng Trung online tại HaiYan được thiết kế bài bản từ cơ bản đến nâng cao, có lộ trình từng bước và theo sát tiến độ học viên. Nội dung học tăng cường tương tác trực tiếp với giáo viên, thực hành giao tiếp và phù hợp cả với người mới bắt đầu. Anh/chị đang muốn học từ con số 0 hay đã có nền tảng rồi ạ?",,completed,0.001803875,3176
giao_duc_haiyan,EDU05,learner_needs,PASS,1.0,mất gốc phát âm yếu thì học khóa nào được,"Dạ, nếu anh/chị mất gốc và phát âm yếu thì phù hợp với khóa **Tiếng Trung 1 kèm 1 cho người học yếu/mất gốc** ạ. Lộ trình bắt đầu bằng việc chuẩn hóa vị trí lưỡi, cách lấy hơi, thanh mẫu, vận mẫu và thanh điệu, sau đó mới tích lũy từ vựng và ngữ pháp qua tình huống thực tế. Hình thức 1 kèm 1 giúp giáo viên dễ theo sát và sửa lỗi phát âm cho anh/chị. Anh/chị muốn học để giao tiếp hằng ngày hay phục vụ công việc ạ?",,completed,0.002148875,3510
giao_duc_haiyan,EDU06,enterprise,PASS,1.0,có khóa tiếng Trung cho nhân viên thu mua không,"Dạ có anh/chị nhé. Trung tâm HaiYan có nội dung khóa **Tiếng Trung cho nhân viên thu mua**, hỗ trợ giao tiếp và đàm phán với nhà cung cấp Trung Quốc, đồng thời phục vụ công việc quản lý chuỗi cung ứng. Anh/chị muốn em kết nối tư vấn viên để được gửi thông tin chi tiết về lịch học và học phí không ạ?",,completed,0.001156375,2929
giao_duc_haiyan,EDU07,enterprise,PASS,1.0,nhân viên điều phối logistics học nội dung nào phù hợp,"Dạ, nhân viên điều phối logistics phù hợp với chương trình **Tiếng Trung chuyên ngành điều phối và kho vận**. Nội dung tập trung vào hội thoại thực tế trong công việc, trao đổi và đàm phán tiến độ, phối hợp xử lý hàng hóa cũng như giao tiếp với các bên liên quan. Phương pháp học chú trọng phản xạ trực tiếp, học đến đâu thực hành nói đến đó; lịch học cũng được thiết kế linh hoạt cho người làm việc theo ca kíp. Anh/chị đang làm điều phối ở mảng kho vận, vận chuyển hay xuất nhập khẩu để em tư vấn sát hơn ạ?",,completed,0.00202125,3875
giao_duc_haiyan,EDU08,enterprise,PASS,1.0,bên mình có tiếng Trung cho nhân viên chăm sóc khách hàng không,"Dạ có anh/chị nhé. Trung tâm có nội dung đào tạo tiếng Trung cho nhân viên chăm sóc khách hàng, tập trung vào giao tiếp chuyên ngành, đón tiếp, xử lý yêu cầu ban đầu và giải quyết khiếu nại với khách hàng nói tiếng Trung. Kỹ năng này giúp anh/chị giao tiếp tự tin hơn và hỗ trợ khách hàng hiệu quả hơn. Anh/chị muốn tìm hiểu nội dung học hay cần em kết nối tư vấn viên ạ?",,completed,0.0014605,3399
giao_duc_haiyan,EDU09,enterprise,PASS,1.0,sale cần nói chuyện với khách Trung thì có lớp nào,"Dạ, với nhu cầu sale trao đổi cùng khách Trung, nội dung phù hợp là **Tiếng Trung họp khách hàng** và **giao tiếp nơi làm việc**. Nội dung tập trung vào luyện câu giao tiếp cơ bản, cách chào hỏi, trao danh thiếp, dùng kính ngữ và tìm hiểu văn hóa kinh doanh Trung Quốc. Em chưa có đủ thông tin xác minh về lớp cụ thể, lịch học hay học phí; anh/chị có thể liên hệ tư vấn viên qua **hotline 0896209953** để được tư vấn lớp phù hợp ạ.",,completed,0.002229875,4496
giao_duc_haiyan,EDU10,enterprise,PASS,1.0,xưởng tôi muốn đào tạo tiếng Trung cho công nhân có được không,"Dạ được ạ. Trung tâm HaiYan có thông tin về chương trình đào tạo tiếng Trung cho nhân viên, khóa học nội bộ công ty và tiếng Trung công xưởng cho nhân viên sản xuất. Để tư vấn chương trình phù hợp với xưởng, em xin phép kết nối anh/chị với tư vấn viên qua hotline **0896209953** ạ. Anh/chị muốn được tư vấn về nội dung khóa học hay đăng ký trao đổi trước ạ?",,completed,0.001673125,3444
giao_duc_haiyan,EDU11,enterprise,PASS,1.0,công ty xuất nhập khẩu có chương trình tiếng Trung riêng không,"Dạ, Trung tâm HaiYan có nội dung đào tạo tiếng Trung tại doanh nghiệp và tiếng Trung chuyên ngành xuất nhập khẩu, logistics cho nhân viên công ty. Tuy nhiên, em chưa có thông tin đã xác minh về chương trình thiết kế riêng, học phí hoặc lịch học cụ thể cho từng doanh nghiệp. Anh/chị vui lòng liên hệ tư vấn viên qua hotline **0896209953** để được trao đổi và xây dựng chương trình phù hợp ạ.",,completed,0.001977375,4965
giao_duc_haiyan,EDU12,enterprise,PASS,1.0,chi phí đào tạo tiếng Trung cho doanh nghiệp tính sao,"Dạ, chi phí đào tạo tiếng Trung cho doanh nghiệp cần được tư vấn theo nhu cầu cụ thể; hiện em chưa có bảng giá công khai đã xác minh. Anh/chị vui lòng kết nối tư vấn viên để được báo giá ạ.",,completed,0.0005515,3157
giao_duc_haiyan,EDU13,children,PASS,1.0,HaiYan có lớp tiếng Trung cho trẻ em không,"Dạ có anh/chị ạ. Trung tâm Tiếng Trung HaiYan có lớp tiếng Hoa dành cho trẻ em, giúp các bé làm quen ngôn ngữ mới và xây dựng nền tảng tiếng Trung. Anh/chị muốn tìm hiểu thêm về lộ trình học hay cách đăng ký ạ?",,completed,0.00097625,3048
giao_duc_haiyan,EDU14,children,PASS,1.0,ở Nhơn Trạch có lớp tiếng Trung thiếu nhi không,"Dạ, hiện trung tâm có thông tin về lớp tiếng Trung thiếu nhi tại Nhơn Trạch, dành cho các bé và học sinh tiểu học. Việc học tiếng Trung từ sớm có thể giúp trẻ làm quen với ngôn ngữ và văn hóa một cách tự nhiên. Anh/chị muốn em kết nối tư vấn viên để được cung cấp thông tin lớp học cụ thể hơn không ạ?",,completed,0.001198625,3486
giao_duc_haiyan,EDU15,children,PASS,1.0,bé học tiểu học bắt đầu tiếng Trung từ đầu được không,"Dạ được anh/chị nhé. Học sinh tiểu học là một giai đoạn thuận lợi để làm quen tiếng Trung vì trẻ có khả năng tiếp thu âm thanh và ngôn ngữ khá nhạy bén, đồng thời việc học có thể giúp kích thích tư duy và mở rộng thế giới quan. Với bé bắt đầu từ đầu, nên đi từng bước từ nghe âm thanh, bài hát, hình ảnh và các từ vựng đơn giản trước, chưa cần vội viết chữ phức tạp. Anh/chị muốn em tư vấn thêm lộ trình học phù hợp cho bé không ạ?",,completed,0.001937875,3296
thuc_pham_thien_minh,FOOD01,catalogue,PASS,1.0,Thiện Minh đang bán nhóm thực phẩm nào vậy,"Dạ, Thiện Minh hiện có các nhóm thực phẩm chính:

- Gạo lứt, hạt ngũ cốc, các loại đậu và gia vị chay tự nhiên.
- Thực phẩm chế biến sẵn như chả lụa chay, nem rán chay, xúc xích chay, đậu hũ non và các món kho, xào đóng gói.
- Đồ ăn vặt, bánh quy, mứt và kẹo chay không chứa nguyên liệu động vật.
- Sản phẩm thực dưỡng, Ohsawa như bánh gạo lứt, bột ngũ cốc, sữa hạt và bún gạo lứt.

Anh/chị đang quan tâm nhóm nào để em tư vấn cụ thể hơn ạ?",,completed,0.002188875,12534
thuc_pham_thien_minh,FOOD02,policy,PASS,1.0,sản phẩm bên mình có ghi nguồn gốc với hạn sử dụng không,"Dạ có anh/chị. Theo thông tin sản phẩm, Phở Gạo Lứt Fuma 400g có thông tin ngày sản xuất, hạn sử dụng, nhà sản xuất và đơn vị phân phối; hạn sử dụng lên đến 12 tháng kể từ ngày sản xuất. Nui Gạo Trắng Fuma 400g cũng in rõ ngày sản xuất trên bao bì và có hạn sử dụng lên đến 12 tháng kể từ ngày sản xuất. Anh/chị đang quan tâm sản phẩm nào để em kiểm tra thông tin cụ thể hơn ạ?",,completed,0.001834,6859
thuc_pham_thien_minh,FOOD03,delivery,PASS,1.0,"shop có giao hàng không, giao nhanh chứ","Dạ có anh/chị nhé, Thiện Minh có giao hàng toàn quốc. Sản phẩm được đóng gói cẩn thận và hỗ trợ giao hàng nhanh chóng, tuy nhiên em chưa có thông tin thời gian giao cụ thể cho từng khu vực. Anh/chị muốn em kết nối nhân viên để kiểm tra thời gian giao đến địa chỉ của mình không ạ?",,completed,0.001983875,5851
thuc_pham_thien_minh,FOOD04,seasonings,PASS,1.0,bên mình có bán đường mía hữu cơ không,Dạ có anh/chị ạ. Bên em hiện có **Đường Mía Hữu Cơ Clavie** và **Đường Mía Hữu Cơ Kasib**. Anh/chị muốn em tư vấn thêm về loại nào không ạ?,,completed,0.00161775,2980
thuc_pham_thien_minh,FOOD05,seasonings,PASS,1.0,có dầu hướng dương ép lạnh không shop,"Dạ có anh/chị nhé, bên em có **Dầu Hướng Dương Ép Lạnh Vita Fresh nhập khẩu từ Nga**. Anh/chị muốn em kết nối nhân viên Thiện Minh để kiểm tra giá và tư vấn đặt hàng không ạ?",,completed,0.001499125,3174
thuc_pham_thien_minh,FOOD06,seasonings,PASS,1.0,shop có nhóm nước tương nước mắm hạt nêm không,"Dạ có anh/chị ạ. Shop có nhóm **Gia vị – Nước tương – Nước mắm – Hạt nêm – Đường – Dầu ăn**, gồm một số sản phẩm như **Nước tương Tamari thực dưỡng 5 năm** và **Bột nêm ngưu báng 200g**. Anh/chị muốn em giới thiệu thêm sản phẩm nào trong nhóm này không ạ?",,completed,0.001905,3525
thuc_pham_thien_minh,FOOD07,nutrition,PASS,1.0,Suto Meal bên mình có bán không,"Dạ có anh/chị nhé, bên em có **Suto Meal chính hãng**, thuộc nhóm bột – sữa – ngũ cốc. Thông tin hiện có ghi sản phẩm **freeship toàn quốc**. Anh/chị muốn em kết nối nhân viên để tư vấn và hỗ trợ đặt hàng không ạ?",,completed,0.0016225,3377
thuc_pham_thien_minh,FOOD08,nutrition,PASS,1.0,có sữa thực vật Glucose Plan Canxi loại 900g không,"Dạ có anh/chị ạ. Thiện Minh hiện có **Sữa thực vật Glucose Plan Canxi 900g**, thông tin sản phẩm có kèm quà tặng **1 hộp sữa mầm hoặc sữa hạt Power**. Anh/chị muốn em hỗ trợ thêm thông tin sản phẩm hay kết nối nhân viên để kiểm tra và tư vấn trực tiếp ạ?",,completed,0.001451875,3394
thuc_pham_thien_minh,FOOD09,fuma,PASS,1.0,phở gạo lứt Fuma gói bao nhiêu gram vậy,"Dạ, phở gạo lứt Fuma được đóng gói với trọng lượng 400g, rất tiện lợi cho anh/chị sử dụng trong nhiều bữa ăn ạ. 

Anh/chị có muốn em tư vấn thêm về sản phẩm này không ạ?",,completed,0.0006978,2511
thuc_pham_thien_minh,FOOD10,fuma,PASS,1.0,nui gạo trắng Fuma có loại 400g không,"Dạ có anh/chị nhé. Nui Gạo Trắng Fuma hiện có quy cách 400g, được làm từ 80% bột gạo nguyên chất kết hợp với tinh bột khoai mì và muối. Anh/chị có thể luộc nui trong khoảng 5–7 phút, sau đó xả nước lạnh để giữ độ dai. Anh/chị muốn em tư vấn thêm cách chế biến hay kết nối nhân viên để kiểm tra mua hàng ạ?",,completed,0.00188925,3920
thuc_pham_thien_minh,FOOD11,snacks,PASS,1.0,bánh gạo lứt Ohsawa vị hạt điều có chiên không,"Dạ không anh/chị nhé. Bánh gạo lứt Ohsawa vị hạt điều được làm từ gạo lứt nguyên cám và hạt điều rang tự nhiên, **không chiên**, không đường tinh luyện, không chất bảo quản hay phụ gia hóa học. Anh/chị muốn em tư vấn thêm về thành phần hoặc cách dùng sản phẩm không ạ?",,completed,0.001957,3260
thuc_pham_thien_minh,FOOD12,snacks,PASS,1.0,bánh Ohsawa hạt điều rong biển có bán không,"Dạ, hiện em chỉ có thông tin đã xác minh về **Bánh gạo lứt Ohsawa Zozin vị điều**; em chưa có dữ liệu xác nhận sản phẩm **hạt điều rong biển** có bán hay không. Anh/chị vui lòng liên hệ hotline **0768774941** để nhân viên Thiện Minh kiểm tra trực tiếp giúp mình ạ.",,completed,0.002232625,4926
thuc_pham_thien_minh,FOOD13,snacks,FAIL,0.6667,bánh gạo lứt có đường tinh luyện hay chất bảo quản không,"Dạ, theo thông tin sản phẩm, bánh gạo lứt Ohsawa Zozin không sử dụng đường tinh luyện, chất bảo quản hoặc phụ gia hóa học. Bánh được làm từ gạo lứt nguyên cám kết hợp hạt điều rang tự nhiên; sản phẩm cũng được giới thiệu là không dùng hương liệu nhân tạo. Anh/chị đang quan tâm loại vị điều hay vị hạt điều – rong biển ạ?",,completed,0.0004427,4142
thuc_pham_thien_minh,FOOD14,catalogue,PASS,1.0,Thiện Minh có trà hoa cúc hữu cơ không,Dạ có anh/chị ạ. Thiện Minh hiện có **Trà Hoa Cúc Hữu Cơ Nguyên Bông Anbio**. Anh/chị muốn em hỗ trợ kết nối nhân viên để kiểm tra giá và đặt hàng không ạ?,,completed,0.001764875,3172
thuc_pham_thien_minh,FOOD15,catalogue,ERROR,0.6667,có gạo lứt đỏ Điện Biên không shop,"Dạ, em chưa tìm thấy sản phẩm phù hợp trong dữ liệu hiện có. Anh/chị cho em biết loại sản phẩm hoặc nhu cầu sử dụng để em kiểm tra tiếp nhé?

Dạ, em chưa có đủ thông tin đã xác minh để trả lời chính xác. Em xin phép kết nối anh/chị với nhân viên Thiện Minh để kiểm tra trực tiếp ạ.

Để em chuyển yêu cầu đến chuyên viên, anh/chị vui lòng cho em xin tên và số điện thoại liên hệ ạ. Em sẽ đọc lại để anh/chị xác nhận trước khi ghi nhận.",,retrieval_error,0.0,869
