TỶ LỆ ĐÚNG,80.00%
CHI PHÍ TRUNG BÌNH MỖI LƯỢT,$0.00086111 ($0.01722220/20 lượt)
CHI PHÍ TRUNG BÌNH LƯỢT GỌI MODEL,$0.00107639 (16 lượt gọi model; 4 lượt $0)
ĐỘ TRỄ TRUNG BÌNH MỖI LƯỢT,3499.95 ms

CÂU HỎI SAI,REPLY SAI
hello,"Hiện em chưa có đủ dữ liệu để trả lời chính xác. Anh/chị có thể mô tả rõ hơn nhu cầu để em kiểm tra tiếp không ạ?

Trong lúc chờ thêm thông tin, em có thể hỗ trợ các nội dung gần nhất sau:
- Anh/chị có muốn tìm hiểu về “Bảng giá thiết kế website - Gói Basic” không?
- Anh/chị có muốn tìm hiểu về “FAQ Zalo OA - Mini App: khái niệm và điều kiện đăng ký” không?
- Anh/chị có muốn tìm hiểu về “Bảng giá thiết kế website - Gói khởi nghiệp” không?

Nếu anh/chị vẫn cần đúng nội dung ban đầu, em xin phép hỗ trợ chuyển người phụ trách. Phần này em xin phép kết nối anh/chị với chuyên viên tư vấn ạ."
anh có khoảng 8tr thì làm được web gói nào em,"Phần này em xin phép kết nối anh/chị với chuyên viên tư vấn ạ.

Để em chuyển yêu cầu đến chuyên viên, anh/chị vui lòng cho em xin tên và số điện thoại liên hệ ạ. Em sẽ đọc lại để anh/chị xác nhận trước khi ghi nhận."
bên em có hỗ trợ đăng ký với quản lý tên miền luôn không,"Phần này em xin phép kết nối anh/chị với chuyên viên tư vấn ạ.

Để em chuyển yêu cầu đến chuyên viên, anh/chị vui lòng cho em xin tên và số điện thoại liên hệ ạ. Em sẽ đọc lại để anh/chị xác nhận trước khi ghi nhận."
anh muốn gặp sale nói chuyện trực tiếp,Dạ được anh/chị. Em xin phép kết nối anh/chị với chuyên viên tư vấn để trao đổi trực tiếp ạ. Anh/chị muốn được liên hệ qua hotline 0909 035 333 hay Zalo 0902875586?
