TỶ LỆ ĐÚNG,86.67%
CHI PHÍ TRUNG BÌNH MỖI LƯỢT,$0.00082354 ($0.01235312/15 lượt)
CHI PHÍ TRUNG BÌNH LƯỢT GỌI MODEL,$0.00088237 (14 lượt gọi model; 1 lượt $0)
ĐỘ TRỄ TRUNG BÌNH MỖI LƯỢT,3766.40 ms

CÂU HỎI SAI,REPLY SAI
"Bên mình có mấy gói làm web, giá từng gói sao em?","Phần này em xin phép kết nối anh/chị với chuyên viên tư vấn ạ.

Để em chuyển yêu cầu đến chuyên viên, anh/chị vui lòng cho em xin tên và số điện thoại liên hệ ạ. Em sẽ đọc lại để anh/chị xác nhận trước khi ghi nhận."
mima có hỗ trợ đăng ký với quản lý tên miền không,"Phần này em xin phép kết nối anh/chị với chuyên viên tư vấn ạ.

Để em chuyển yêu cầu đến chuyên viên, anh/chị vui lòng cho em xin tên và số điện thoại liên hệ ạ. Em sẽ đọc lại để anh/chị xác nhận trước khi ghi nhận."
